source,scraped_at,url,sku,title,price,currency,price_before_fees,dealer_fees,msrp,kbb_fair_price,kbb_fair_price_low,kbb_fair_price_high,deal_rating,price_reduced,vin,year,make,model,trim,condition,mileage,body_style,exterior_color,interior_color,fuel_type,drivetrain,engine,transmission,mpg_city,mpg_highway,days_on_site,stock_number,image_url,seller_id,seller_name,private_seller,seller_city,seller_state,seller_zip,seller_phone,seller_rating,seller_review_count,distance_miles,premium_spotlight,page,position,mode,sort,data_source,features,description,open_recalls,kbb_consumer_rating,kbb_review_count,image_count
autotrader.com,2026-09-24T23:29:37.876510+00:00,https://www.autotrader.com/cars-for-sale/vehicle/789791261,789791261,Used 2018 Ford F150 Lariat w/ Heavy-Duty Payload Package,23990,,23905,85,,24410,23010,25710,Great,True,1FTFW1EG7JKC34419,2018,Ford,F150,Lariat,USED,113034,TRUCKS,Oxford White,Black,Gasoline,AWD4WD,6-Cylinder Turbo,Automatic,16,22,24,JKC34419PX,https://images.autotrader.com/hn/c/4911ab6eaf014b65b576a7fee8251cb4.jpg,73071021,NISSAN OF DOWNTOWN LA/INFINITI OF DOWNTOWN LA,False,Los Angeles,CA,90015,2133387078,4.3,161,,True,1,1,vehicle,,next_data,Automatic Headlights | Bed Liner | Fog Lamps | Heated Mirrors | Integrated Tailgate Step | Integrated Turn Signal Mirrors | Mirror Memory | Power Mirror(s) | Tires - Front All-Season | Tires - Front Performance | Tires - Rear All-Season | Tires - Rear Performance | AC | Adjustable Pedals | Adjustable Steering Wheel | Auto-Dimming Rearview Mirror | Climate Control | Driver Adjustable Lumbar | Driver Illuminated Vanity Mirror | Driver Vanity Mirror | Floor Mats | Heated Seats | Intermittent Wipers | Leather Seats | Leather Steering Wheel | Multi-Zone A/C | Pass-Through Rear Seat | Passenger Adjustable Lumbar | Passenger Illuminated Visor Mirror | Passenger Vanity Mirror | Power Door Locks | Power Driver Seat | Power Passenger Seat | Power Windows | Privacy Glass | Rear Defrost | Seat Memory | Split Bench Seat | Steering Wheel Audio Controls | Transmission w/Dual Shift Mode | Trip Computer | Variable Speed Intermittent Wipers | Woodgrain Interior Trim | 10-Speed A/T | 4-Wheel Disc Brakes | 8 Cylinder Engine | A/T | Flex Fuel Capability | Four Wheel Drive | Gasoline Fuel | Power Steering | V6 Cylinder Engine | Apple CarPlay | Smart Device Integration | Tow Hooks | ABS | Brake Assist | Child Safety Locks | Conventional Spare Tire | Daytime Running Lights | Driver Air Bag | Front Head Air Bag | Front Side Air Bag | Passenger Air Bag | Rear Head Air Bag | Security System | Stability Control | Tire Pressure Monitor | Traction Control | AM/FM Stereo | Auxiliary Audio Input | Back-Up Camera | Bluetooth | CD Player | Cruise Control | Engine Immobilizer | Keyless Entry | Keyless Start | MP3 Player | Navigation System | Satellite Radio | Telematics,"CARFAX 1-Owner. FUEL EFFICIENT 23 MPG Hwy/17 MPG City! LARIAT trim, Oxford White exterior and Black interior. AND MORE!

KEY FEATURES INCLUDE
Leather Seats, 4x4, Heated Driver Seat, Cooled Driver Seat, Back-Up Camera, Satellite Radio, iPod/MP3 Input, CD Player, Onboard Communications System, Keyless Start, Dual Zone A/C, Apple CarPlay®, Smart Device Integration, Heated Seats, Heated Leather Seats MP3 Player, Keyless Entry, Privacy Glass, Steering Wheel Controls, Child Safety Locks. Ford LARIAT with Oxford White exterior and Black interior features a V6 Cylinder Engine with 395 HP at 5750 RPM*.

OPTION PACKAGES
HEAVY-DUTY PAYLOAD PACKAGE 9.75 gearset and upgraded springs, Wheels: 18 Silver Aluminum, Electronic Locking w/3.73 Axle Ratio, Extended Range 36 Gallon Fuel Tank, GVWR: 7,850 lbs Payload Package, Tires: LT275/65R18C OWL Automatic Transmission, MAX TRAILER TOW PACKAGE max towing capability up to 13,200 lbs, and upgraded rear bumper, Pro Trailer Backup Assist, Integrated Trailer Brake Controller, Extended Range 36 Gallon Fuel Tank, Higher-Capacity Radiator, Higher-Power Cooling Fans, Upgraded Front Stabilizer Bar, VOICE-ACTIVATED TOUCHSCREEN NAVIGATION SYSTEM pinch-to-zoom capability, SiriusXM Traffic and Travel Link, Note: SiriusXM Traffic and Travel Link includes a, SiriusXM Traffic and Travel Link service is not available in Alaska or Hawaii, SiriusXM audio and data services each require a subscription sold separately, or as a package, by Sirius XM Radio Inc, If you decide to continue service after your trail, the subscription plan you choose will automatically renew thereafter and you will be charged according to your chosen payment method at then-current rates, Fees and taxes apply, To cancel you must call SiriusXM at , See SiriusXM customer agreement for complete , All fees and programming subject to change, Sirius, XM and all, ENGINE: 3.5L V6 ECOBOOST auto start-stop technology, SPRAY-IN BEDLINER (PRE-INSTALLED) Custom Accessory, TAILGATE STEP W/TAILGATE LIFT ASSIST, TRANSMISSION: ELECTRONIC 10-SPEED AUTOMATIC selectable drive modes: normal/tow-haul/snow-wet/EcoSelect/sport (STD).

EXPERTS ARE SAYING
The brake pedal feels reassuringly firm and easy to modulate in everyday driving, and the brakes feel just as capable when the bed is loaded with cargo. -Edmunds.com.

AFFORDABILITY
This F-150 is priced $1,800 below Kelley Blue Book.

PURCHASE WITH CONFIDENCE
CARFAX 1-Owner

VISIT US TODAY
Downtown Nissan proudly serves the greater LA area. We offer many automotive products and services to our Los Angeles area customers. From quality new Nissan vehicles to used cars, we know anyone looking for a vehicle in Los Angeles will likely find what they want at our dealership.

Pricing analysis performed on 9/19/2026. Horsepower calculations based on trim engine configuration. Fuel economy calculations based on original manufacturer data for trim engine configuration. Please confirm the accuracy of the included equipment by calling us prior to purchase.",0,4.4,317,26
autotrader.com,2026-09-24T23:29:45.735702+00:00,https://www.autotrader.com/cars-for-sale/vehicle/783809535,783809535,Used 2023 Ford F150 XLT w/ Trailer Tow Package,37317,,37195,122,,40490,38990,41990,Great,False,1FTEW1EP4PFB59398,2023,Ford,F150,XLT,USED,21042,TRUCKS,White,Black,Gasoline,AWD4WD,6-Cylinder Turbo,Automatic,,,93,P17840,https://images.autotrader.com/hn/c/ab95f2fdec884bae97cb854f2feda428.jpg,100015084,Downey Hyundai,False,Downey,CA,90241,5629666400,4.2,2305,,True,2,1,vehicle,,next_data,"Alloy wheels | Auto High-beam Headlights | Bumpers: chrome | Delay-off headlights | Front fog lights | Fully automatic headlights | Heated door mirrors | Power door mirrors | Rear step bumper | Wheels: 17"" Silver Painted Aluminum | Air Conditioning | Cloth 40/20/40 Front Seat | Driver door bin | Driver vanity mirror | Front Center Armrest w/Storage | Front reading lights | Overhead console | Passenger door bin | Passenger vanity mirror | Power windows | Rear reading lights | Rear window defroster | Split folding rear seat | Steering wheel mounted audio controls | Tachometer | Telescoping steering wheel | Tilt steering wheel | Trip computer | Variably intermittent wipers | Voltmeter | 3.73 Axle Ratio | 4-Wheel Disc Brakes | Front wheel independent suspension | Power steering | Speed-sensing steering | **Fresh Oil Change** | 470 lbs Payload Package | Completely Serviced | Emergency communication system: SYNC 4 911 Assist | Extremely Low Miles | Financing Available | Front anti-roll bar | GVWR: 6 | Illuminated entry | Outside temperature display | SYNC 4 | XLT | ABS brakes | Brake assist | Dual front impact airbags | Dual front side impact airbags | Electronic Stability Control | Low tire pressure warning | Occupant sensing airbag | Overhead airbag | Panic alarm | Security system | Traction control | 6 Speakers | AM/FM radio | Compass | Exterior Parking Camera Rear | Radio data system | Radio: AM/FM Stereo w/6 Speakers | Remote keyless entry | Speed control","XLT, 4WD. 4WD Odometer is 14585 miles below market average! 10-Speed Automatic 2.7L V6 EcoBoost

Drivers from Norwalk, Commerce, Downey, El Monte, and Los Angeles can expect to find the Hyundai model to meet their needs here at Downey Hyundai.
All Pricing and Advertised Prices for any/all vehicles offered for sale do not include dealer-installed accessories. Vehicles may have pre-installed theft code for an additional cost of $995, rear collision deterrent device for an additional cost of $995, Appearance protection for $1,995, GPS tracking device $1,995, 3M Film door paint protection for an additional $795, doc fees, prep fees, smog fee, sales tax, DMV license fees, registration fees, smog certificate fee...Call the dealer for more information and details.",1,4.2,60,28
autotrader.com,2026-09-24T23:29:52.715997+00:00,https://www.autotrader.com/cars-for-sale/vehicle/790637713,790637713,Used 2022 Ford F150 XL,29319,,29319,,,33250,31750,34650,Great,False,1FTEX1C59NKE67752,2022,Ford,F150,XL,USED,34032,TRUCKS,Oxford White,Black W/Medium Dark Slate,Flexible Fuel,RWD,8-Cylinder,Automatic,19,24,14,11567,https://images.autotrader.com/hn/c/a3d6864a37bc41e494f569308870f921.jpg,1328464,Thorson Motor Center,False,Pasadena,CA,91107,6263600088,4.5,914,,False,3,1,vehicle,,next_data,"Auto High Beam | Auto High-beam Headlights | Delay-off headlights | Fully automatic headlights | Rear step bumper | Air Conditioning | Cloth 40/20/40 Front Seat | Driver door bin | Front Center Armrest | Front reading lights | Overhead console | Passenger door bin | Passenger vanity mirror | Power Door Locks | Power Front & Rear Windows | Power Tailgate Lock | Split folding rear seat | Steering wheel mounted audio controls | Tachometer | Telescoping steering wheel | Tilt steering wheel | Trip computer | Variably intermittent wipers | Voltmeter | 4-Wheel Disc Brakes | Front wheel independent suspension | Power steering | Speed-sensing steering | Auto Start-Stop Removal | Emergency communication system: SYNC 4 911 Assist | Equipment Group 100A Standard | Front anti-roll bar | Illuminated Entry | MyKey | Outside temperature display | Power Glass Sideview Mirrors w/Black Skull Caps | Pre-Collision Assist w/Automatic Emergency Braking | SYNC 4 | Wheels: 17"" Silver Steel | XL Power Equipment Group | ABS brakes | Brake assist | Dual front impact airbags | Dual front side impact airbags | Electronic Stability Control | Lane-Keeping System | Low tire pressure warning | Occupant sensing airbag | Overhead airbag | Perimeter Alarm | Traction control | 6 Speakers | AM/FM radio | Compass | Exterior Parking Camera Rear | Radio data system | Radio: AM/FM Stereo w/6 Speakers | Rear-View Camera","Drive with complete peace of mind with this premium pre-owned vehicle, fully backed by the elite Thorson Certified Advantage 6-Year/100,000-Mile Limited Powertrain Warranty available at Thorson Motor Center. This high-value, certified pre-owned coverage protects your engine, transmission, transfer case, drive shafts, and axles, ensuring elite reliability and a low cost of ownership. Buyers also receive 12-Month/12,000-Mile comprehensive component coverage for steering, suspension, electrical, AC, and fuel systems, plus 24/7/365 nationwide roadside assistance. Complete with a verified vehicle history report and a rigorous multi-point inspection, this vehicle delivers unbeatable quality assurance and mechanical security that stands out online.

This 2022 Ford F-150 XL in white pairs capability with practical everyday performance. With low mileage at just over 34,000 miles, this truck is well within its prime and ready for years of dependable service. The 5.0L V8 Flex Fuel engine delivers 17 city and 24 highway MPG, balancing power with efficiency.

Key features include:
- 5.0L V8 Flex Fuel engine with 10-speed automatic transmission
- Pre-Collision Assist with Automatic Emergency Braking
- SYNC 4 with emergency 911 Assist
- Rear-view and exterior parking camera
- Power tailgate lock and power door locks
- Automatic high-beam headlights with delay-off
- Lane-Keeping System for added safety
- Cloth 40/20/40 front seat with center armrest
- 17 silver steel wheels
- Electronic Stability Control and traction control

This truck arrives certified and thoroughly inspected. Every system has been verified to ensure it meets our rigorous standards for quality and reliability. You can drive with confidence knowing this vehicle has been meticulously evaluated and stands behind Thorson's elite certification promise.

Ready to put this capable F-150 to work? Visit us today to experience its commanding presence and proven performance firsthand.",0,4.2,60,37
